{"data_time": 0.0311842761002481, "fast_rcnn/cls_accuracy": 0.12890625, "fast_rcnn/false_negative": 0.11688311688311688, "fast_rcnn/fg_cls_accuracy": 0.8831168831168831, "iteration": 1, "loss_box_reg": 0.14321978902444243, "loss_cls": 0.9462040960788727, "loss_rpn_cls": 0.6820449233055115, "loss_rpn_loc": 0.04618087783455849, "lr": 4.9975e-07, "roi_head/num_bg_samples": 116.5, "roi_head/num_fg_samples": 11.5, "rpn/num_neg_anchors": 238.5, "rpn/num_pos_anchors": 17.5, "total_loss": 1.817649686243385}
{"data_time": 0.030651794746518135, "fast_rcnn/cls_accuracy": 0.673828125, "fast_rcnn/false_negative": 0.8333333333333333, "fast_rcnn/fg_cls_accuracy": 0.16666666666666666, "iteration": 1, "loss_box_reg": 0.0020554078510031104, "loss_cls": 0.6131770312786102, "loss_rpn_cls": 0.7047097980976105, "loss_rpn_loc": 0.010455637471750379, "lr": 4.9975e-07, "roi_head/num_bg_samples": 126.25, "roi_head/num_fg_samples": 1.75, "rpn/num_neg_anchors": 251.75, "rpn/num_pos_anchors": 4.25, "total_loss": 1.3303978746989742}
{"data_time": 0.03077707625925541, "fast_rcnn/cls_accuracy": 0.580078125, "fast_rcnn/false_negative": 0.25, "fast_rcnn/fg_cls_accuracy": 0.75, "iteration": 1, "loss_box_reg": 0.021320786094293, "loss_cls": 0.6800612509250641, "loss_rpn_cls": 0.6858025789260864, "loss_rpn_loc": 0.06643925607204437, "lr": 4.9975e-07, "roi_head/num_bg_samples": 122.75, "roi_head/num_fg_samples": 5.25, "rpn/num_neg_anchors": 238.0, "rpn/num_pos_anchors": 18.0, "total_loss": 1.4536238720174879}
{"data_time": 0.031417256221175194, "fast_rcnn/cls_accuracy": 0.953125, "fast_rcnn/false_negative": 1.0, "fast_rcnn/fg_cls_accuracy": 0.0, "iteration": 1, "loss_box_reg": 0.003930299426428974, "loss_cls": 0.3732261210680008, "loss_rpn_cls": 0.7097770273685455, "loss_rpn_loc": 0.019986886996775866, "lr": 4.9975e-07, "roi_head/num_bg_samples": 123.25, "roi_head/num_fg_samples": 4.75, "rpn/num_neg_anchors": 246.25, "rpn/num_pos_anchors": 9.75, "total_loss": 1.1069203348597512}
{"data_time": 0.030238386243581772, "fast_rcnn/cls_accuracy": 0.326171875, "fast_rcnn/false_negative": 0.05357142857142857, "fast_rcnn/fg_cls_accuracy": 0.9464285714285714, "iteration": 1, "loss_box_reg": 0.057569894939661026, "loss_cls": 0.8259148597717285, "loss_rpn_cls": 0.6964951753616333, "loss_rpn_loc": 0.07858466729521751, "lr": 4.9975e-07, "roi_head/num_bg_samples": 117.25, "roi_head/num_fg_samples": 10.75, "rpn/num_neg_anchors": 230.25, "rpn/num_pos_anchors": 25.75, "total_loss": 1.6585645973682404}
{"data_time": 0.031584296841174364, "fast_rcnn/cls_accuracy": 0.8984375, "fast_rcnn/false_negative": 0.9281376518218624, "fast_rcnn/fg_cls_accuracy": 0.07186234817813765, "iteration": 1, "loss_box_reg": 0.0318320095539093, "loss_cls": 0.452196404337883, "loss_rpn_cls": 0.6978423297405243, "loss_rpn_loc": 0.10359512269496918, "lr": 4.9975e-07, "roi_head/num_bg_samples": 116.75, "roi_head/num_fg_samples": 11.25, "rpn/num_neg_anchors": 223.25, "rpn/num_pos_anchors": 32.75, "total_loss": 1.2854658663272858}
{"data_time": 0.03195784240961075, "fast_rcnn/cls_accuracy": 0.3359375, "fast_rcnn/false_negative": 0.16666666666666666, "fast_rcnn/fg_cls_accuracy": 0.8333333333333333, "iteration": 1, "loss_box_reg": 0.015010957140475512, "loss_cls": 0.8076473474502563, "loss_rpn_cls": 0.6879854202270508, "loss_rpn_loc": 0.04268432827666402, "lr": 4.9975e-07, "roi_head/num_bg_samples": 124.0, "roi_head/num_fg_samples": 4.0, "rpn/num_neg_anchors": 243.25, "rpn/num_pos_anchors": 12.75, "total_loss": 1.5533280530944467}
{"data_time": 0.031139287631958723, "fast_rcnn/cls_accuracy": 0.234375, "fast_rcnn/false_negative": 0.0, "fast_rcnn/fg_cls_accuracy": 1.0, "iteration": 1, "loss_box_reg": 0.007337478338740766, "loss_cls": 0.9039303362369537, "loss_rpn_cls": 0.69468954205513, "loss_rpn_loc": 0.07215724280104041, "lr": 4.9975e-07, "roi_head/num_bg_samples": 120.5, "roi_head/num_fg_samples": 7.5, "rpn/num_neg_anchors": 230.25, "rpn/num_pos_anchors": 25.75, "total_loss": 1.678114599431865}
{"data_time": 0.0311068557202816, "fast_rcnn/cls_accuracy": 0.248046875, "fast_rcnn/false_negative": 0.0, "fast_rcnn/fg_cls_accuracy": 1.0, "iteration": 1, "loss_box_reg": 0.0022886862279847264, "loss_cls": 0.8634276986122131, "loss_rpn_cls": 0.7020596563816071, "loss_rpn_loc": 0.024139340734109282, "lr": 4.9975e-07, "roi_head/num_bg_samples": 124.75, "roi_head/num_fg_samples": 3.25, "rpn/num_neg_anchors": 247.75, "rpn/num_pos_anchors": 8.25, "total_loss": 1.5919153819559142}
{"data_time": 0.03164646402001381, "fast_rcnn/cls_accuracy": 0.40625, "fast_rcnn/false_negative": 0.689247311827957, "fast_rcnn/fg_cls_accuracy": 0.31075268817204305, "iteration": 1, "loss_box_reg": 0.11547064548358321, "loss_cls": 0.7693569958209991, "loss_rpn_cls": 0.7024123668670654, "loss_rpn_loc": 0.07859775796532631, "lr": 4.9975e-07, "roi_head/num_bg_samples": 116.5, "roi_head/num_fg_samples": 11.5, "rpn/num_neg_anchors": 230.0, "rpn/num_pos_anchors": 26.0, "total_loss": 1.665837766136974}
{"data_time": 0.030700183007866144, "fast_rcnn/cls_accuracy": 0.24609375, "fast_rcnn/false_negative": 0.0, "fast_rcnn/fg_cls_accuracy": 1.0, "iteration": 1, "loss_box_reg": 0.0016648081364110112, "loss_cls": 0.929608941078186, "loss_rpn_cls": 0.6962049901485443, "loss_rpn_loc": 0.0048199358861893415, "lr": 4.9975e-07, "roi_head/num_bg_samples": 126.5, "roi_head/num_fg_samples": 1.5, "rpn/num_neg_anchors": 253.5, "rpn/num_pos_anchors": 2.5, "total_loss": 1.6322986752493307}
{"data_time": 0.030904151499271393, "fast_rcnn/cls_accuracy": 0.958984375, "fast_rcnn/false_negative": 1.0, "fast_rcnn/fg_cls_accuracy": 0.0, "iteration": 1, "loss_box_reg": 0.02071293187327683, "loss_cls": 0.25396814197301865, "loss_rpn_cls": 0.687894344329834, "loss_rpn_loc": 0.040043994784355164, "lr": 4.9975e-07, "roi_head/num_bg_samples": 122.75, "roi_head/num_fg_samples": 5.25, "rpn/num_neg_anchors": 243.0, "rpn/num_pos_anchors": 13.0, "total_loss": 1.0026194129604846}
{"data_time": 0.03188355825841427, "fast_rcnn/cls_accuracy": 0.83984375, "fast_rcnn/false_negative": 0.4444444444444444, "fast_rcnn/fg_cls_accuracy": 0.5555555555555556, "iteration": 1, "loss_box_reg": 0.004107859451323748, "loss_cls": 0.5369158387184143, "loss_rpn_cls": 0.7039370536804199, "loss_rpn_loc": 0.020787132438272238, "lr": 4.9975e-07, "roi_head/num_bg_samples": 125.0, "roi_head/num_fg_samples": 3.0, "rpn/num_neg_anchors": 249.0, "rpn/num_pos_anchors": 7.0, "total_loss": 1.2657478842884302}
{"data_time": 0.03163197636604309, "fast_rcnn/cls_accuracy": 0.6640625, "fast_rcnn/false_negative": 0.7583333333333333, "fast_rcnn/fg_cls_accuracy": 0.24166666666666664, "iteration": 1, "loss_box_reg": 0.07423478458076715, "loss_cls": 0.6268250346183777, "loss_rpn_cls": 0.7178260385990143, "loss_rpn_loc": 0.08598381839692593, "lr": 4.9975e-07, "roi_head/num_bg_samples": 119.25, "roi_head/num_fg_samples": 8.75, "rpn/num_neg_anchors": 230.0, "rpn/num_pos_anchors": 26.0, "total_loss": 1.504869676195085}
{"data_time": 0.03229591762647033, "fast_rcnn/cls_accuracy": 0.017578125, "fast_rcnn/false_negative": 0.0, "fast_rcnn/fg_cls_accuracy": 1.0, "iteration": 1, "loss_box_reg": 0.0022258873796090484, "loss_cls": 1.24452543258667, "loss_rpn_cls": 0.6979651749134064, "loss_rpn_loc": 0.008772986708208919, "lr": 4.9975e-07, "roi_head/num_bg_samples": 126.5, "roi_head/num_fg_samples": 1.5, "rpn/num_neg_anchors": 252.75, "rpn/num_pos_anchors": 3.25, "total_loss": 1.9534894815878943}
